"Date","Price","Open","High","Low","Vol.","Change %"
"Apr 01, 2020","47.99","47.99","48.01","47.98","3.86M","-0.03%"
"Mar 31, 2020","48.01","47.97","48.01","47.97","7.18M","1.42%"
"Mar 30, 2020","47.34","47.11","47.50","46.91","1.21M","0.94%"
"Mar 27, 2020","46.90","47.01","47.31","46.80","1.23M","-0.13%"
"Mar 26, 2020","46.96","47.61","47.73","46.34","1.63M","-1.26%"
"Mar 25, 2020","47.56","45.95","47.71","45.21","5.57M","3.50%"
"Mar 24, 2020","45.95","45.07","46.20","44.96","1.07M","1.30%"
"Mar 23, 2020","45.36","45.63","45.99","44.63","909.00K","-0.74%"
"Mar 20, 2020","45.70","45.69","46.20","44.31","1.12M","1.08%"
"Mar 19, 2020","45.21","42.00","45.64","41.15","1.76M","11.60%"
"Mar 18, 2020","40.51","44.17","44.42","40.34","1.34M","-9.47%"
"Mar 17, 2020","44.75","44.25","45.55","41.88","1.82M","1.22%"
"Mar 16, 2020","44.21","45.82","45.82","43.17","1.52M","-4.62%"
"Mar 13, 2020","46.35","46.63","46.84","45.56","1.04M","0.22%"
"Mar 12, 2020","46.25","45.74","46.56","45.20","1.45M","0.59%"
"Mar 11, 2020","45.98","46.55","46.55","45.92","974.66K","-1.82%"
"Mar 10, 2020","46.83","45.80","46.84","45.46","1.03M","2.83%"
"Mar 09, 2020","45.54","46.13","46.21","45.20","1.14M","-1.75%"
"Mar 06, 2020","46.35","46.76","46.76","46.02","1.15M","-1.11%"
"Mar 05, 2020","46.87","46.81","46.98","46.70","395.68K","-0.19%"
"Mar 04, 2020","46.96","47.04","47.15","46.65","654.83K","0.11%"
"Mar 03, 2020","46.91","46.93","47.12","46.71","598.77K","-0.13%"
"Mar 02, 2020","46.97","47.00","47.07","46.81","1.56M","0.45%"
"Feb 28, 2020","46.76","46.42","46.97","46.42","662.62K","0.52%"
"Feb 27, 2020","46.52","46.25","46.79","46.25","774.94K","-0.30%"
"Feb 26, 2020","46.66","46.73","46.90","46.60","414.33K","0.00%"
"Feb 25, 2020","46.66","46.66","46.90","46.61","463.20K","0.13%"
"Feb 24, 2020","46.60","46.58","46.77","46.55","392.17K","-0.19%"
"Feb 21, 2020","46.69","46.77","46.95","46.62","472.05K","-0.17%"
"Feb 20, 2020","46.77","46.70","47.15","46.59","621.47K","-0.06%"
"Feb 19, 2020","46.80","46.73","46.93","46.56","1.02M","0.13%"
"Feb 18, 2020","46.74","46.65","46.86","46.28","315.72K","0.13%"
"Feb 14, 2020","46.68","46.16","46.98","46.05","1.02M","1.24%"
"Feb 13, 2020","46.11","46.24","46.25","46.09","469.83K","-0.26%"
"Feb 12, 2020","46.23","46.19","46.23","46.01","736.68K","0.11%"
"Feb 11, 2020","46.18","46.35","46.37","46.12","797.92K","-0.17%"
"Feb 10, 2020","46.26","46.37","46.37","46.19","387.07K","-0.09%"
"Feb 07, 2020","46.30","46.45","46.50","46.30","442.44K","-0.28%"
"Feb 06, 2020","46.43","46.60","46.60","46.38","545.33K","-0.24%"
"Feb 05, 2020","46.54","46.68","46.68","46.46","1.21M","-0.13%"
"Feb 04, 2020","46.60","46.80","46.83","46.55","773.68K","-0.43%"
"Feb 03, 2020","46.80","46.91","46.98","46.71","1.04M","-0.15%"
"Jan 31, 2020","46.87","46.98","47.02","46.84","1.35M","-0.21%"
"Jan 30, 2020","46.97","47.05","47.07","46.96","896.50K","-0.19%"
"Jan 29, 2020","47.06","47.10","47.15","47.05","705.61K","-0.19%"
"Jan 28, 2020","47.15","47.15","47.20","47.11","1.03M","0.11%"
"Jan 27, 2020","47.10","47.27","47.30","47.08","1.56M","0.68%"
"Jan 24, 2020","46.78","46.92","46.92","46.78","504.51K","-0.17%"
"Jan 23, 2020","46.86","46.86","46.96","46.85","814.10K","-0.02%"
"Jan 22, 2020","46.87","46.92","47.00","46.87","302.52K","0.02%"
"Jan 21, 2020","46.86","47.00","47.01","46.86","592.61K","-0.23%"
"Jan 17, 2020","46.97","47.02","47.07","46.92","1.22M","-0.13%"
"Jan 16, 2020","47.03","47.04","47.05","46.97","471.17K","0.06%"
"Jan 15, 2020","47.00","46.97","47.02","46.92","1.12M","0.06%"
"Jan 14, 2020","46.97","46.94","47.02","46.90","741.90K","0.06%"
"Jan 13, 2020","46.94","46.86","47.06","46.86","619.24K","-0.11%"
"Jan 10, 2020","46.99","47.03","47.12","46.97","1.80M","-0.06%"
"Jan 09, 2020","47.02","47.06","47.08","46.97","1.93M","-0.08%"
"Jan 08, 2020","47.06","47.07","47.14","46.98","883.69K","0.04%"
"Jan 07, 2020","47.04","46.90","47.04","46.81","1.15M","0.28%"
"Jan 06, 2020","46.91","46.85","47.00","46.77","997.28K","0.06%"
"Jan 03, 2020","46.88","46.90","47.00","46.87","551.69K","-0.32%"
"Jan 02, 2020","47.03","46.90","47.05","46.80","973.93K","0.21%"
"Dec 31, 2019","46.93","46.70","46.97","46.70","588.56K","0.43%"
"Dec 30, 2019","46.73","46.61","46.93","46.58","310.29K","0.32%"
"Dec 27, 2019","46.58","46.82","46.85","46.51","470.78K","-0.36%"
"Dec 26, 2019","46.75","46.90","46.90","46.75","156.03K","-0.23%"
"Dec 24, 2019","46.86","46.86","46.97","46.76","111.83K","0.04%"
"Dec 23, 2019","46.84","46.85","46.92","46.75","868.46K","0.17%"
"Dec 20, 2019","46.76","46.90","47.02","46.69","1.08M","-0.19%"
"Dec 19, 2019","46.85","46.91","47.13","46.81","1.17M","-0.15%"
"Dec 18, 2019","46.92","46.89","46.98","46.80","1.47M","-0.47%"
"Dec 17, 2019","47.14","47.08","47.21","47.05","599.20K","0.08%"
"Dec 16, 2019","47.10","47.55","47.55","47.10","1.19M","-0.21%"
"Dec 13, 2019","47.20","47.39","47.41","47.07","274.81K","-0.32%"
"Dec 12, 2019","47.35","47.30","47.48","47.26","673.29K","0.04%"
"Dec 11, 2019","47.33","47.27","47.38","47.01","685.70K","0.08%"
"Dec 10, 2019","47.29","47.07","47.32","47.00","574.44K","0.36%"
"Dec 09, 2019","47.12","46.97","47.14","46.92","316.67K","0.26%"
"Dec 06, 2019","47.00","46.93","47.05","46.83","402.07K","0.36%"
"Dec 05, 2019","46.83","46.99","47.00","46.73","547.24K","-0.06%"
"Dec 04, 2019","46.86","47.00","47.00","46.83","437.03K","-0.28%"
"Dec 03, 2019","46.99","46.78","46.99","46.73","625.94K","0.51%"
"Dec 02, 2019","46.75","46.85","47.00","46.72","545.88K","0.04%"
"Nov 29, 2019","46.73","46.64","46.91","46.64","135.76K","0.17%"
"Nov 27, 2019","46.65","46.70","46.73","46.61","423.71K","-0.02%"
"Nov 26, 2019","46.66","46.67","46.74","46.56","736.62K","-0.09%"
"Nov 25, 2019","46.70","46.84","46.84","46.42","1.04M","-0.17%"
"Nov 22, 2019","46.78","46.91","46.91","46.74","502.59K","0.06%"
"Nov 21, 2019","46.75","46.74","46.92","46.66","867.66K","0.09%"
"Nov 20, 2019","46.71","46.65","46.77","46.52","832.17K","0.17%"
"Nov 19, 2019","46.63","46.73","46.78","46.61","764.90K","-0.17%"
"Nov 18, 2019","46.71","46.72","46.88","46.62","450.84K","-0.09%"
"Nov 15, 2019","46.75","46.73","46.85","46.62","418.95K","0.32%"
"Nov 14, 2019","46.60","46.70","46.72","46.56","392.43K","-0.21%"
"Nov 13, 2019","46.70","46.76","46.80","46.66","404.05K","-0.21%"
"Nov 12, 2019","46.80","46.80","46.84","46.64","494.67K","-0.09%"
"Nov 11, 2019","46.84","46.71","46.92","46.67","248.41K","0.04%"
"Nov 08, 2019","46.82","46.73","46.90","46.60","413.33K","0.11%"
"Nov 07, 2019","46.77","46.90","46.98","46.72","438.95K","-0.28%"
"Nov 06, 2019","46.90","46.98","46.98","46.80","413.11K","-0.21%"
"Nov 05, 2019","47.00","46.94","47.13","46.87","1.16M","0.41%"
"Nov 04, 2019","46.81","47.17","47.20","46.78","557.35K","-0.43%"
"Nov 01, 2019","47.01","47.15","47.25","46.90","971.69K","-0.13%"
"Oct 31, 2019","47.07","46.85","47.35","46.73","1.17M","0.32%"
"Oct 30, 2019","46.92","46.60","46.98","46.56","1.10M","0.71%"
"Oct 29, 2019","46.59","46.58","46.67","46.47","1.16M","0.06%"
"Oct 28, 2019","46.56","46.71","46.87","46.37","1.45M","-0.75%"
"Oct 25, 2019","46.91","46.40","46.94","46.33","1.21M","0.88%"
"Oct 24, 2019","46.50","46.19","46.72","46.06","1.70M","0.87%"
"Oct 23, 2019","46.10","46.20","46.21","46.09","816.00K","-0.22%"
"Oct 22, 2019","46.20","46.25","46.30","46.15","988.45K","-0.11%"
"Oct 21, 2019","46.25","46.37","46.49","46.15","696.85K","0.02%"
"Oct 18, 2019","46.24","46.70","46.74","46.04","2.00M","-1.09%"
"Oct 17, 2019","46.75","46.70","46.80","46.49","536.57K","0.19%"
"Oct 16, 2019","46.66","46.90","47.01","46.43","2.47M","-0.72%"
"Oct 15, 2019","47.00","46.90","47.08","46.70","1.73M","0.13%"
"Oct 14, 2019","46.94","46.60","46.95","45.85","1.67M","0.86%"
"Oct 11, 2019","46.54","45.49","46.84","45.49","8.39M","1.97%"
"Oct 10, 2019","45.64","45.76","46.00","45.10","20.95M","101.06%"
"Oct 09, 2019","22.70","22.86","23.12","22.57","264.25K","0.35%"
"Oct 08, 2019","22.62","22.89","23.00","22.25","273.43K","-2.16%"
"Oct 07, 2019","23.12","24.15","24.15","23.10","451.49K","-4.34%"
"Oct 04, 2019","24.17","23.76","24.20","23.29","727.06K","2.29%"
"Oct 03, 2019","23.63","23.42","24.14","23.37","389.93K","0.60%"
"Oct 02, 2019","23.49","22.53","24.16","22.39","419.76K","3.89%"
"Oct 01, 2019","22.61","23.58","24.22","22.41","754.94K","-4.40%"
"Sep 30, 2019","23.65","24.15","24.73","23.53","473.89K","-1.46%"
"Sep 27, 2019","24.00","24.85","24.97","23.65","808.10K","-3.69%"
"Sep 26, 2019","24.92","24.61","25.18","24.25","468.92K","1.80%"
"Sep 25, 2019","24.48","24.46","24.72","23.99","662.09K","-0.04%"
"Sep 24, 2019","24.49","26.14","26.59","23.63","587.78K","-5.33%"
"Sep 23, 2019","25.87","25.56","26.17","25.42","333.68K","1.21%"
"Sep 20, 2019","25.56","25.16","25.68","24.40","1.02M","1.55%"
"Sep 19, 2019","25.17","25.64","26.25","25.06","366.85K","-2.33%"
"Sep 18, 2019","25.77","25.71","26.00","24.57","353.45K","0.59%"
"Sep 17, 2019","25.62","24.76","25.94","24.26","290.97K","3.68%"
"Sep 16, 2019","24.71","25.40","25.70","24.25","568.44K","-3.85%"
"Sep 13, 2019","25.70","25.04","25.91","24.84","360.74K","2.55%"
"Sep 12, 2019","25.06","25.66","26.08","24.95","345.84K","-1.92%"
"Sep 11, 2019","25.55","25.41","25.86","24.93","352.45K","1.35%"
"Sep 10, 2019","25.21","24.93","25.77","24.31","345.60K","0.44%"
"Sep 09, 2019","25.10","25.84","26.32","24.92","307.90K","-2.86%"
"Sep 06, 2019","25.84","26.67","27.20","25.77","261.89K","-3.11%"
"Sep 05, 2019","26.67","26.02","26.89","25.16","271.25K","3.45%"
"Sep 04, 2019","25.78","26.13","26.43","25.58","304.06K","-0.81%"
"Sep 03, 2019","25.99","26.95","27.86","25.87","289.63K","-4.45%"
"Aug 30, 2019","27.20","28.57","28.74","26.95","274.66K","-4.76%"
"Aug 29, 2019","28.56","28.89","28.89","27.86","216.23K","0.25%"
"Aug 28, 2019","28.49","27.34","28.55","27.06","405.08K","3.49%"
"Aug 27, 2019","27.53","28.10","28.67","27.35","212.79K","-1.64%"
"Aug 26, 2019","27.99","28.12","28.48","27.48","308.83K","0.90%"
"Aug 23, 2019","27.74","27.83","28.39","27.35","359.23K","-1.00%"
"Aug 22, 2019","28.02","29.89","30.22","27.98","264.51K","-6.26%"
"Aug 21, 2019","29.89","29.38","30.17","28.96","381.32K","2.22%"
"Aug 20, 2019","29.24","28.86","29.79","28.86","563.64K","0.93%"
"Aug 19, 2019","28.97","29.73","30.17","28.44","315.77K","-1.53%"
"Aug 16, 2019","29.42","29.10","29.88","28.81","394.83K","2.44%"
"Aug 15, 2019","28.72","28.14","29.47","27.55","473.36K","2.46%"
"Aug 14, 2019","28.03","29.13","29.57","27.73","730.73K","-4.89%"
"Aug 13, 2019","29.47","29.19","29.97","28.67","550.06K","0.72%"
"Aug 12, 2019","29.26","30.82","31.18","29.25","603.30K","-5.83%"
"Aug 09, 2019","31.07","31.62","32.48","31.05","233.61K","-1.86%"
"Aug 08, 2019","31.66","30.96","31.96","30.45","308.10K","2.46%"
"Aug 07, 2019","30.90","31.16","32.10","30.43","394.19K","-2.83%"
"Aug 06, 2019","31.80","31.49","32.39","30.81","363.34K","1.63%"
"Aug 05, 2019","31.29","32.00","32.49","30.73","456.54K","-3.99%"
"Aug 02, 2019","32.59","32.87","33.84","31.75","745.10K","-1.18%"
"Aug 01, 2019","32.98","34.42","34.89","32.90","912.78K","-3.11%"
"Jul 31, 2019","34.04","33.89","34.80","33.29","489.21K","0.50%"
"Jul 30, 2019","33.87","33.04","33.98","32.76","412.45K","1.62%"
"Jul 29, 2019","33.33","34.22","35.27","32.37","724.41K","-7.62%"
"Jul 26, 2019","36.08","36.08","36.96","34.99","472.05K","0.33%"
"Jul 25, 2019","35.96","34.25","36.28","34.02","647.97K","4.84%"
"Jul 24, 2019","34.30","34.34","34.50","33.13","1.93M","2.11%"
"Jul 23, 2019","33.59","34.28","35.13","32.42","753.24K","-6.67%"
"Jul 22, 2019","35.99","33.74","36.25","33.67","457.47K","7.34%"
"Jul 19, 2019","33.53","34.40","34.44","32.92","342.59K","-2.61%"
"Jul 18, 2019","34.43","32.67","34.43","32.67","352.13K","5.65%"
"Jul 17, 2019","32.59","33.43","33.44","32.48","198.88K","-2.95%"
"Jul 16, 2019","33.58","33.20","33.93","32.99","210.65K","1.21%"
"Jul 15, 2019","33.18","33.29","33.55","32.12","372.70K","0.33%"
"Jul 12, 2019","33.07","32.65","33.23","32.06","472.52K","1.29%"
"Jul 11, 2019","32.65","32.88","33.77","31.24","423.60K","-1.12%"
"Jul 10, 2019","33.02","32.79","33.14","32.50","409.55K","1.23%"
"Jul 09, 2019","32.62","31.74","33.23","31.26","487.21K","2.71%"
"Jul 08, 2019","31.76","32.44","32.69","31.25","474.88K","-2.19%"
"Jul 05, 2019","32.47","33.99","34.50","31.85","528.70K","-5.25%"
"Jul 03, 2019","34.27","33.25","34.28","33.20","208.63K","3.35%"
"Jul 02, 2019","33.16","32.92","33.23","31.58","638.66K","0.15%"
"Jul 01, 2019","33.11","30.05","33.40","29.81","943.49K","10.11%"
"Jun 28, 2019","30.07","28.56","30.41","28.37","3.24M","4.85%"
"Jun 27, 2019","28.68","27.57","29.39","27.57","546.89K","5.09%"
"Jun 26, 2019","27.29","27.27","28.01","26.85","733.42K","0.11%"
"Jun 25, 2019","27.26","26.55","28.04","25.78","473.73K","3.97%"
"Jun 24, 2019","26.22","25.09","26.66","25.02","765.87K","2.78%"
"Jun 21, 2019","25.51","23.81","25.95","23.28","1.32M","8.28%"
"Jun 20, 2019","23.56","24.23","25.32","23.11","538.46K","-1.42%"
"Jun 19, 2019","23.90","23.34","24.25","23.14","576.26K","1.88%"
"Jun 18, 2019","23.46","23.00","23.65","21.92","336.69K","3.17%"
"Jun 17, 2019","22.74","21.39","23.25","20.94","419.18K","6.96%"
"Jun 14, 2019","21.26","21.00","21.95","20.58","405.75K","1.29%"
"Jun 13, 2019","20.99","20.93","21.03","20.44","293.67K","0.57%"
"Jun 12, 2019","20.87","19.93","21.02","19.64","302.54K","4.98%"
"Jun 11, 2019","19.88","20.70","21.32","19.86","313.75K","-4.29%"
"Jun 10, 2019","20.77","21.10","21.62","20.58","367.92K","-1.14%"
"Jun 07, 2019","21.01","20.39","21.10","19.86","235.99K","3.04%"
"Jun 06, 2019","20.39","20.93","21.07","20.08","356.51K","-3.14%"
"Jun 05, 2019","21.05","21.73","21.81","20.92","275.09K","-2.27%"
"Jun 04, 2019","21.54","21.59","22.00","20.21","327.85K","0.47%"
"Jun 03, 2019","21.44","21.64","22.21","21.00","323.76K","-0.88%"
"May 31, 2019","21.63","22.35","22.58","21.19","391.13K","-4.29%"
"May 30, 2019","22.60","23.15","23.15","22.09","235.53K","-1.82%"
"May 29, 2019","23.02","23.46","23.58","22.94","191.84K","-2.87%"
"May 28, 2019","23.70","23.70","24.41","23.45","318.19K","0.17%"
"May 24, 2019","23.66","23.42","23.96","23.02","211.23K","1.37%"
"May 23, 2019","23.34","23.13","23.47","22.36","237.77K","-0.26%"
"May 22, 2019","23.40","23.51","24.29","23.29","289.54K","0.43%"
"May 21, 2019","23.30","22.64","23.50","22.41","196.59K","3.23%"
"May 20, 2019","22.57","24.43","24.62","22.49","364.93K","-7.88%"
"May 17, 2019","24.50","24.31","24.75","23.53","355.69K","2.73%"
"May 16, 2019","23.85","24.10","24.83","23.52","524.51K","-1.04%"
"May 15, 2019","24.10","23.46","24.45","23.22","362.66K","1.90%"
"May 14, 2019","23.65","23.03","24.05","22.29","217.29K","2.92%"
"May 13, 2019","22.98","23.80","23.92","22.67","327.90K","-4.69%"
"May 10, 2019","24.11","23.62","24.95","23.23","301.48K","0.50%"
"May 09, 2019","23.99","22.98","24.59","21.50","417.10K","3.32%"
"May 08, 2019","23.22","21.49","23.86","21.30","411.12K","8.30%"
"May 07, 2019","21.44","22.50","22.87","21.25","386.13K","-4.46%"
"May 06, 2019","22.44","21.50","22.61","21.46","265.43K","2.28%"
"May 03, 2019","21.94","22.16","22.45","21.38","271.93K","-0.99%"
"May 02, 2019","22.16","21.67","22.27","21.37","283.78K","2.12%"
"May 01, 2019","21.70","22.16","22.41","21.56","319.55K","-2.25%"
"Apr 30, 2019","22.20","22.76","22.89","21.37","456.29K","-2.80%"
"Apr 29, 2019","22.84","22.74","23.00","22.16","333.31K","0.40%"
"Apr 26, 2019","22.75","22.62","22.93","22.10","300.53K","0.18%"
"Apr 25, 2019","22.71","21.55","22.91","21.18","229.81K","4.90%"
"Apr 24, 2019","21.65","21.96","22.27","21.35","414.71K","-1.41%"
"Apr 23, 2019","21.96","21.27","22.10","21.00","311.23K","3.29%"
"Apr 22, 2019","21.26","20.39","21.83","20.30","486.10K","3.30%"
"Apr 18, 2019","20.58","20.93","21.16","20.19","298.94K","-1.95%"
"Apr 17, 2019","20.99","21.93","22.04","20.55","364.85K","-4.29%"
"Apr 16, 2019","21.93","22.89","23.26","21.69","285.06K","-3.18%"
"Apr 15, 2019","22.65","22.72","23.12","21.80","248.91K","-0.31%"
"Apr 12, 2019","22.72","23.25","23.65","22.21","525.96K","-2.15%"
"Apr 11, 2019","23.22","23.43","23.93","21.76","512.09K","-0.98%"
"Apr 10, 2019","23.45","23.80","24.00","23.11","604.31K","-0.85%"
"Apr 09, 2019","23.65","23.02","24.21","22.66","436.85K","2.69%"
"Apr 08, 2019","23.03","23.53","24.00","22.80","338.65K","-2.04%"
"Apr 05, 2019","23.51","22.83","23.83","22.26","445.75K","3.30%"
"Apr 04, 2019","22.76","22.40","23.47","21.30","625.79K","1.65%"
"Apr 03, 2019","22.39","21.00","22.41","20.74","478.34K","7.23%"
"Apr 02, 2019","20.88","20.83","21.50","20.65","673.75K","0.43%"
"Apr 01, 2019","20.79","22.57","22.75","20.56","534.98K","-7.19%"
"Mar 29, 2019","22.40","22.45","22.79","21.77","515.94K","0.13%"
"Mar 28, 2019","22.37","22.24","22.81","21.90","324.62K","0.18%"
"Mar 27, 2019","22.33","23.20","23.32","22.19","526.81K","-4.33%"
"Mar 26, 2019","23.34","24.27","24.43","22.96","335.06K","-3.55%"
"Mar 25, 2019","24.20","23.81","24.49","23.55","402.08K","1.34%"
"Mar 22, 2019","23.88","24.80","25.18","23.40","470.46K","-4.48%"
"Mar 21, 2019","25.00","25.02","25.03","23.84","619.89K","-0.20%"
"Mar 20, 2019","25.05","27.07","27.29","24.93","506.38K","-7.53%"
"Mar 19, 2019","27.09","26.60","27.47","26.45","349.31K","0.82%"
"Mar 18, 2019","26.87","27.15","27.68","26.12","689.73K","-1.29%"
"Mar 15, 2019","27.22","26.90","27.35","26.56","2.21M","2.48%"
"Mar 14, 2019","26.56","27.10","27.21","25.63","491.69K","-1.92%"
"Mar 13, 2019","27.08","25.49","27.35","25.28","448.52K","7.76%"
"Mar 12, 2019","25.13","26.06","26.27","24.78","589.26K","-3.20%"
"Mar 11, 2019","25.96","26.68","27.01","24.05","963.45K","-0.08%"
"Mar 08, 2019","25.98","22.02","26.00","21.99","1.35M","18.52%"
"Mar 07, 2019","21.92","19.32","22.63","18.91","1.04M","13.87%"
"Mar 06, 2019","19.25","19.48","19.67","18.91","502.09K","-1.28%"
"Mar 05, 2019","19.50","20.41","20.63","18.90","585.28K","-4.41%"
"Mar 04, 2019","20.40","19.50","20.62","19.41","463.82K","4.67%"
"Mar 01, 2019","19.49","19.39","19.65","19.03","312.61K","1.14%"
"Feb 28, 2019","19.27","19.47","19.74","18.92","297.75K","-1.13%"
"Feb 27, 2019","19.49","19.97","20.30","19.27","313.42K","-2.45%"
"Feb 26, 2019","19.98","19.73","20.12","19.33","424.85K","1.01%"
"Feb 25, 2019","19.78","19.62","20.10","19.19","416.91K","2.28%"
"Feb 22, 2019","19.34","20.00","20.24","19.10","393.46K","-1.12%"
"Feb 21, 2019","19.56","18.48","19.72","18.06","349.38K","5.50%"
"Feb 20, 2019","18.54","19.60","19.68","18.29","384.71K","-4.97%"
"Feb 19, 2019","19.51","20.00","20.63","19.39","251.38K","-2.69%"
"Feb 15, 2019","20.05","20.35","20.35","19.56","187.89K","-1.38%"
"Feb 14, 2019","20.33","19.89","20.58","19.61","138.78K","1.75%"
"Feb 13, 2019","19.98","19.91","20.25","19.17","146.52K","0.30%"
"Feb 12, 2019","19.92","20.72","20.73","19.61","158.33K","-2.78%"
"Feb 11, 2019","20.49","19.61","20.57","19.48","273.12K","5.40%"
"Feb 08, 2019","19.44","20.15","20.95","19.42","391.14K","-2.16%"
"Feb 07, 2019","19.87","20.61","20.61","18.35","462.24K","-4.56%"
"Feb 06, 2019","20.82","20.36","21.51","20.02","209.21K","0.48%"
"Feb 05, 2019","20.72","22.00","22.06","19.86","510.67K","-5.86%"
"Feb 04, 2019","22.01","20.98","22.25","20.77","310.68K","4.81%"
"Feb 01, 2019","21.00","20.75","21.02","20.14","349.37K","2.29%"
"Jan 31, 2019","20.53","19.84","21.00","19.84","224.78K","3.90%"
"Jan 30, 2019","19.76","19.41","20.48","19.25","207.82K","2.07%"
"Jan 29, 2019","19.36","19.11","19.88","18.97","193.27K","0.78%"
"Jan 28, 2019","19.21","19.66","19.72","19.18","133.06K","-2.83%"
"Jan 25, 2019","19.77","19.53","19.84","18.99","200.64K","1.44%"
"Jan 24, 2019","19.49","19.94","20.43","19.32","160.73K","-2.50%"
"Jan 23, 2019","19.99","19.41","20.01","19.13","156.96K","3.36%"
"Jan 22, 2019","19.34","19.89","20.07","18.78","224.05K","-3.30%"
"Jan 18, 2019","20.00","20.50","20.67","19.74","201.50K","-2.44%"
"Jan 17, 2019","20.50","20.03","20.57","19.50","231.65K","2.30%"
"Jan 16, 2019","20.04","19.70","20.79","19.70","464.38K","2.19%"
"Jan 15, 2019","19.61","19.35","19.76","18.59","375.67K","1.29%"
"Jan 14, 2019","19.36","19.95","20.11","19.32","433.69K","-3.87%"
"Jan 11, 2019","20.14","20.62","21.20","19.84","381.81K","-2.85%"
"Jan 10, 2019","20.73","21.39","21.40","19.74","583.04K","-4.07%"
"Jan 09, 2019","21.61","22.10","22.34","21.43","298.75K","-1.82%"
"Jan 08, 2019","22.01","23.70","23.90","21.04","798.86K","-6.38%"
"Jan 07, 2019","23.51","21.35","23.64","20.81","741.56K","10.12%"
"Jan 04, 2019","21.35","22.21","22.21","20.40","727.12K","-3.44%"
"Jan 03, 2019","22.11","21.67","22.53","20.82","939.66K","0.96%"
"Jan 02, 2019","21.90","17.91","22.15","17.48","943.52K","20.33%"
"Dec 31, 2018","18.20","18.40","19.15","17.93","555.55K","0.11%"
"Dec 28, 2018","18.18","18.30","18.84","17.74","775.90K","-0.44%"
"Dec 27, 2018","18.26","17.36","18.31","17.25","491.37K","3.05%"
"Dec 26, 2018","17.72","16.07","17.81","16.04","351.05K","10.89%"
"Dec 24, 2018","15.98","15.54","16.72","15.23","422.64K","1.33%"
"Dec 21, 2018","15.77","16.34","16.63","15.40","649.04K","-3.78%"
"Dec 20, 2018","16.39","16.88","17.68","16.08","465.58K","-4.10%"
"Dec 19, 2018","17.09","18.14","18.52","16.84","562.27K","-6.66%"
"Dec 18, 2018","18.31","16.66","18.40","16.65","539.50K","10.63%"
"Dec 17, 2018","16.55","16.95","17.68","15.86","662.73K","1.60%"
"Dec 14, 2018","16.29","16.55","17.15","15.97","626.94K","-1.15%"
"Dec 13, 2018","16.48","17.20","17.48","16.13","361.17K","-3.40%"
"Dec 12, 2018","17.06","17.51","18.50","16.69","3.01M","7.23%"
"Dec 11, 2018","15.91","17.01","17.09","15.31","1.23M","-9.70%"
"Dec 10, 2018","17.62","17.00","19.80","14.65","4.08M","7.05%"
"Dec 07, 2018","16.46","16.22","16.47","15.53","241.59K","1.42%"
"Dec 06, 2018","16.23","15.80","16.48","14.50","250.50K","0.25%"
"Dec 04, 2018","16.19","16.00","16.47","15.42","271.75K","1.19%"
"Dec 03, 2018","16.00","16.21","16.21","15.18","349.60K","1.46%"
"Nov 30, 2018","15.77","14.84","15.98","14.36","387.90K","6.70%"
"Nov 29, 2018","14.78","14.80","15.15","14.56","143.54K","-0.20%"
"Nov 28, 2018","14.81","14.67","14.84","14.15","126.73K","1.72%"
"Nov 27, 2018","14.56","14.63","15.05","14.46","199.69K","-2.74%"
"Nov 26, 2018","14.97","15.33","15.37","14.25","140.88K","-1.64%"
"Nov 23, 2018","15.22","14.04","15.50","13.87","92.89K","7.79%"
"Nov 21, 2018","14.12","14.61","14.81","13.73","204.96K","-1.05%"
"Nov 20, 2018","14.27","16.39","16.80","14.19","551.56K","-14.65%"
"Nov 19, 2018","16.72","16.52","16.79","15.82","337.49K","0.12%"
"Nov 16, 2018","16.70","14.67","16.78","14.55","689.27K","13.84%"
"Nov 15, 2018","14.67","12.75","14.77","12.75","387.05K","12.93%"
"Nov 14, 2018","12.99","12.32","13.39","12.32","276.28K","6.04%"
"Nov 13, 2018","12.25","11.62","12.27","11.27","570.02K","5.79%"
"Nov 12, 2018","11.58","12.01","12.41","11.31","502.77K","-3.26%"
"Nov 09, 2018","11.97","12.25","14.04","11.56","356.63K","-2.84%"
"Nov 08, 2018","12.32","13.62","13.62","12.20","419.71K","-10.72%"
"Nov 07, 2018","13.80","13.75","14.37","13.34","292.91K","-0.07%"
"Nov 06, 2018","13.81","14.13","14.50","13.46","415.24K","-2.68%"
"Nov 05, 2018","14.19","15.04","15.20","14.09","159.60K","-5.90%"
"Nov 02, 2018","15.08","14.74","15.33","14.55","165.03K","2.59%"
"Nov 01, 2018","14.70","14.36","15.10","14.36","315.13K","2.65%"
"Oct 31, 2018","14.32","14.91","15.13","13.99","374.13K","-2.45%"
"Oct 30, 2018","14.68","15.71","16.04","14.41","254.27K","-7.44%"
"Oct 29, 2018","15.86","16.34","16.63","15.36","280.24K","-2.16%"
"Oct 26, 2018","16.21","16.21","16.60","15.14","296.54K","-1.58%"
"Oct 25, 2018","16.47","16.30","16.99","16.19","169.01K","2.23%"
"Oct 24, 2018","16.11","17.00","17.20","15.88","176.36K","-5.73%"
"Oct 23, 2018","17.09","16.47","17.55","16.19","145.39K","1.97%"
"Oct 22, 2018","16.76","16.71","16.98","16.32","178.20K","0.72%"
"Oct 19, 2018","16.64","16.77","18.00","16.28","170.60K","1.34%"
"Oct 18, 2018","16.42","16.39","16.55","15.79","196.01K","0.00%"
"Oct 17, 2018","16.42","16.20","16.78","15.74","86.58K","1.17%"
"Oct 16, 2018","16.23","15.54","16.38","15.12","114.50K","5.73%"
"Oct 15, 2018","15.35","15.25","15.73","14.70","124.45K","0.39%"
"Oct 12, 2018","15.29","14.92","15.65","14.92","230.22K","4.44%"
"Oct 11, 2018","14.64","15.00","15.94","14.51","338.52K","-2.85%"
"Oct 10, 2018","15.07","15.98","17.60","15.05","635.39K","3.22%"
"Oct 09, 2018","14.60","15.31","15.81","14.35","290.57K","-5.19%"
"Oct 08, 2018","15.40","16.05","16.14","15.12","223.96K","-4.41%"
"Oct 05, 2018","16.11","16.35","16.57","15.37","227.29K","-2.19%"
"Oct 04, 2018","16.47","17.17","17.17","16.20","209.99K","-4.36%"
"Oct 03, 2018","17.22","17.30","17.31","16.96","147.47K","-1.20%"
"Oct 02, 2018","17.43","18.26","18.28","17.29","200.89K","-4.70%"
"Oct 01, 2018","18.29","18.23","19.43","17.95","288.12K","1.11%"
"Sep 28, 2018","18.09","18.10","18.53","17.67","409.08K","0.17%"
"Sep 27, 2018","18.06","16.45","18.43","16.45","411.41K","9.79%"
"Sep 26, 2018","16.45","15.80","16.91","15.40","237.47K","6.20%"
"Sep 25, 2018","15.49","16.14","16.54","15.24","227.49K","-3.97%"
"Sep 24, 2018","16.13","16.50","17.20","15.73","342.42K","-1.41%"
"Sep 21, 2018","16.36","15.58","16.45","15.02","626.59K","5.01%"
"Sep 20, 2018","15.58","14.47","15.77","14.28","231.91K","7.82%"
"Sep 19, 2018","14.45","14.10","14.98","14.10","195.05K","2.63%"
"Sep 18, 2018","14.08","13.12","14.15","12.82","392.59K","7.15%"
"Sep 17, 2018","13.14","13.08","13.19","12.86","210.79K","1.15%"
"Sep 14, 2018","12.99","12.83","13.25","12.70","186.03K","1.25%"
"Sep 13, 2018","12.83","12.36","13.00","12.21","275.65K","4.31%"
"Sep 12, 2018","12.30","12.35","12.46","12.18","182.24K","-0.32%"
"Sep 11, 2018","12.34","12.45","12.50","12.16","274.62K","-1.36%"
"Sep 10, 2018","12.51","12.32","12.73","12.19","99.55K","2.12%"
"Sep 07, 2018","12.25","12.09","12.49","11.85","248.53K","0.41%"
"Sep 06, 2018","12.20","12.35","12.45","12.06","295.33K","-0.49%"
"Sep 05, 2018","12.26","12.00","12.49","11.77","207.95K","2.34%"
"Sep 04, 2018","11.98","12.04","12.19","11.67","191.82K","-1.80%"
"Aug 31, 2018","12.20","11.24","12.41","11.24","324.63K","8.64%"
"Aug 30, 2018","11.23","11.12","11.39","11.00","334.94K","1.26%"
"Aug 29, 2018","11.09","11.10","11.20","10.96","175.91K","-0.09%"
"Aug 28, 2018","11.10","11.11","11.21","11.04","279.98K","0.63%"
"Aug 27, 2018","11.03","11.16","11.35","10.98","217.08K","-1.16%"
"Aug 24, 2018","11.16","11.02","11.53","11.02","176.62K","1.55%"
"Aug 23, 2018","10.99","10.91","11.07","10.87","228.76K","0.83%"
"Aug 22, 2018","10.90","10.49","10.99","10.49","95.53K","3.91%"
"Aug 21, 2018","10.49","10.34","10.58","10.12","108.93K","2.24%"
"Aug 20, 2018","10.26","10.54","10.57","10.02","208.13K","-2.75%"
"Aug 17, 2018","10.55","10.60","10.79","10.38","164.06K","-0.09%"
"Aug 16, 2018","10.56","10.48","10.67","10.06","212.45K","1.44%"
"Aug 15, 2018","10.41","10.85","10.87","10.20","147.44K","-5.10%"
"Aug 14, 2018","10.97","10.70","11.05","10.70","141.44K","2.43%"
"Aug 13, 2018","10.71","10.84","10.84","10.44","146.88K","-1.56%"
"Aug 10, 2018","10.88","10.92","11.26","10.58","252.80K","-0.73%"
"Aug 09, 2018","10.96","11.14","11.15","10.57","354.09K","-1.62%"
"Aug 08, 2018","11.14","10.30","11.91","10.30","735.88K","10.63%"
"Aug 07, 2018","10.07","10.63","10.95","9.89","319.31K","2.23%"
"Aug 06, 2018","9.85","8.98","10.22","8.67","259.37K","9.20%"
"Aug 03, 2018","9.02","9.66","9.74","8.93","283.15K","-7.01%"
"Aug 02, 2018","9.70","11.08","11.15","9.61","262.29K","-12.69%"
"Aug 01, 2018","11.11","10.98","11.29","10.94","214.92K","1.00%"
"Jul 31, 2018","11.00","11.10","11.14","10.81","173.79K","0.18%"
"Jul 30, 2018","10.98","10.69","11.31","10.43","222.32K","2.81%"
"Jul 27, 2018","10.68","11.23","11.28","10.44","102.53K","-4.98%"
"Jul 26, 2018","11.24","11.14","11.33","10.94","170.59K","0.72%"
"Jul 25, 2018","11.16","10.87","11.33","10.87","235.06K","2.39%"
"Jul 24, 2018","10.90","11.09","11.10","10.21","204.62K","-0.82%"
"Jul 23, 2018","10.99","11.12","11.23","10.83","137.38K","-1.61%"
"Jul 20, 2018","11.17","11.08","11.53","10.77","199.99K","2.10%"
"Jul 19, 2018","10.94","10.40","10.97","10.33","125.58K","4.79%"
"Jul 18, 2018","10.44","11.22","11.28","10.05","214.36K","-6.62%"
"Jul 17, 2018","11.18","11.39","11.60","11.00","127.63K","-2.10%"
"Jul 16, 2018","11.42","11.24","11.45","10.91","129.97K","2.15%"
"Jul 13, 2018","11.18","12.16","12.16","11.04","197.74K","-7.53%"
"Jul 12, 2018","12.09","11.20","12.17","11.20","159.16K","9.31%"
"Jul 11, 2018","11.06","11.06","11.47","11.00","203.57K","-3.66%"
"Jul 10, 2018","11.48","10.48","11.61","10.29","272.24K","9.44%"
"Jul 09, 2018","10.49","10.55","10.82","9.59","363.89K","-0.10%"
"Jul 06, 2018","10.50","10.79","10.94","10.15","232.05K","-3.05%"
"Jul 05, 2018","10.83","10.61","10.94","10.58","110.66K","2.65%"
"Jul 03, 2018","10.55","10.50","10.64","10.34","167.54K","0.38%"
"Jul 02, 2018","10.51","9.93","10.54","8.27","282.61K","5.63%"
"Jun 29, 2018","9.95","9.95","10.15","9.92","234.80K","0.51%"
"Jun 28, 2018","9.90","9.39","10.16","9.38","227.53K","4.43%"
"Jun 27, 2018","9.48","9.93","9.95","9.47","262.69K","-4.72%"
"Jun 26, 2018","9.95","9.65","10.27","9.53","237.39K","3.32%"
"Jun 25, 2018","9.63","9.32","9.97","9.16","373.96K","2.23%"
"Jun 22, 2018","9.42","9.10","9.79","8.65","1.19M","2.84%"
"Jun 21, 2018","9.16","10.25","10.30","9.08","711.57K","-9.75%"
"Jun 20, 2018","10.15","9.53","10.23","9.37","375.87K","6.28%"
"Jun 19, 2018","9.55","9.09","9.63","9.05","347.39K","4.03%"
"Jun 18, 2018","9.18","9.05","9.25","8.63","265.27K","1.10%"
"Jun 15, 2018","9.08","8.92","9.30","8.66","442.26K","2.37%"
"Jun 14, 2018","8.87","8.44","9.07","8.13","368.20K","5.09%"
"Jun 13, 2018","8.44","8.18","8.58","8.02","165.69K","3.69%"
"Jun 12, 2018","8.14","8.42","8.52","8.01","259.36K","-2.75%"
"Jun 11, 2018","8.37","7.63","8.63","7.42","502.57K","9.41%"
"Jun 08, 2018","7.65","7.30","7.89","7.27","392.36K","4.22%"
"Jun 07, 2018","7.34","7.17","7.44","6.85","120.13K","2.09%"
"Jun 06, 2018","7.19","7.00","7.33","6.89","109.87K","2.42%"
"Jun 05, 2018","7.02","6.97","7.09","6.70","192.22K","0.72%"
"Jun 04, 2018","6.97","7.51","7.74","6.93","303.38K","-6.44%"
"Jun 01, 2018","7.45","6.96","7.49","6.95","315.10K","7.97%"
"May 31, 2018","6.90","6.79","7.15","6.72","281.35K","1.77%"
"May 30, 2018","6.78","6.60","6.89","6.45","224.20K","3.67%"
"May 29, 2018","6.54","6.12","6.66","6.12","202.33K","6.17%"
"May 25, 2018","6.16","6.05","6.18","5.97","142.52K","1.48%"
"May 24, 2018","6.07","6.06","6.10","5.96","164.63K","0.33%"
"May 23, 2018","6.05","6.04","6.31","6.02","99.27K","-0.17%"
"May 22, 2018","6.06","6.08","6.12","5.86","126.91K","0.17%"
"May 21, 2018","6.05","6.25","6.35","6.01","119.49K","-2.73%"
"May 18, 2018","6.22","6.33","6.35","6.16","80.43K","-0.80%"
"May 17, 2018","6.27","6.36","6.46","6.21","102.61K","-1.57%"
"May 16, 2018","6.37","6.31","6.46","6.30","98.57K","0.95%"
"May 15, 2018","6.31","6.27","6.33","6.12","82.01K","0.32%"
"May 14, 2018","6.29","6.26","6.42","6.23","80.08K","0.48%"
"May 11, 2018","6.26","6.20","6.51","6.11","122.36K","1.13%"
"May 10, 2018","6.19","6.05","6.30","5.91","161.05K","3.34%"
"May 09, 2018","5.99","5.96","6.04","5.82","58.77K","1.01%"
"May 08, 2018","5.93","6.04","6.04","5.86","52.61K","-1.66%"
"May 07, 2018","6.03","6.16","6.27","5.97","62.93K","-2.11%"
"May 04, 2018","6.16","6.03","6.28","5.94","109.00K","2.16%"
"May 03, 2018","6.03","6.17","6.18","5.89","87.80K","-2.43%"
"May 02, 2018","6.18","6.16","6.25","5.64","81.59K","-0.32%"
"May 01, 2018","6.20","6.07","6.30","5.95","108.51K","2.14%"
"Apr 30, 2018","6.07","6.17","6.21","5.88","96.94K","-0.82%"
"Apr 27, 2018","6.12","6.13","6.27","6.03","141.18K","-0.33%"
"Apr 26, 2018","6.14","5.79","6.19","5.79","83.61K","6.04%"
"Apr 25, 2018","5.79","5.95","6.03","5.70","205.56K","-2.85%"
"Apr 24, 2018","5.96","6.06","6.23","5.92","229.50K","-1.49%"
"Apr 23, 2018","6.05","6.26","6.31","5.98","133.99K","-2.89%"
"Apr 20, 2018","6.23","6.15","6.41","6.11","105.09K","0.65%"
"Apr 19, 2018","6.19","6.24","6.26","6.07","117.20K","-1.12%"
"Apr 18, 2018","6.26","6.12","6.45","5.91","196.55K","2.12%"
"Apr 17, 2018","6.13","5.87","6.24","5.76","128.20K","4.79%"
"Apr 16, 2018","5.85","5.82","6.11","5.65","93.08K","1.21%"
"Apr 13, 2018","5.78","5.66","5.90","5.55","158.76K","2.66%"
"Apr 12, 2018","5.63","5.62","5.75","5.56","105.79K","1.26%"
"Apr 11, 2018","5.56","5.50","5.79","5.50","232.94K","-0.89%"
"Apr 10, 2018","5.61","5.30","5.73","5.20","250.67K","1.63%"
"Apr 09, 2018","5.52","5.56","5.64","5.40","135.41K","0.18%"
"Apr 06, 2018","5.51","5.45","5.62","5.37","187.31K","0.00%"
"Apr 05, 2018","5.51","5.64","5.72","5.40","222.70K","-1.43%"
"Apr 04, 2018","5.59","5.21","5.75","4.78","353.98K","5.27%"
"Apr 03, 2018","5.31","5.21","5.37","5.11","170.78K","2.91%"
"Apr 02, 2018","5.16","5.26","5.38","5.00","296.33K","-2.82%"
"Mar 29, 2018","5.31","5.32","5.53","5.03","185.01K","0.19%"
"Mar 28, 2018","5.30","5.50","5.62","5.23","218.88K","-3.81%"
"Mar 27, 2018","5.51","5.96","6.18","5.41","316.09K","-7.55%"
"Mar 26, 2018","5.96","5.96","6.06","5.76","220.21K","1.88%"
"Mar 23, 2018","5.85","6.02","6.14","5.85","254.28K","-2.34%"
"Mar 22, 2018","5.99","6.12","6.21","5.94","260.35K","-2.60%"
"Mar 21, 2018","6.15","6.21","6.27","6.06","184.56K","-0.81%"
"Mar 20, 2018","6.20","6.45","6.49","6.12","207.54K","-3.58%"
"Mar 19, 2018","6.43","6.43","6.71","6.26","303.10K","-0.92%"
"Mar 16, 2018","6.49","6.82","7.05","6.49","584.55K","-5.67%"
"Mar 15, 2018","6.88","7.35","7.36","6.56","389.07K","-6.52%"
"Mar 14, 2018","7.36","7.28","7.46","7.07","186.11K","1.10%"
"Mar 13, 2018","7.28","7.50","7.73","7.20","214.09K","-2.80%"
"Mar 12, 2018","7.49","7.58","7.68","7.25","238.70K","0.54%"
"Mar 09, 2018","7.45","6.79","7.56","6.72","389.07K","9.88%"
"Mar 08, 2018","6.78","6.40","6.84","6.28","378.66K","6.77%"
"Mar 07, 2018","6.35","6.39","6.60","6.19","255.58K","-2.31%"
"Mar 06, 2018","6.50","6.67","6.76","6.17","416.25K","-2.69%"
"Mar 05, 2018","6.68","6.48","6.81","6.48","324.90K","1.98%"
"Mar 02, 2018","6.55","6.51","6.75","6.22","638.58K","0.00%"
"Mar 01, 2018","6.55","6.41","6.65","6.35","455.18K","2.66%"
"Feb 28, 2018","6.38","6.24","6.67","6.11","302.07K","3.74%"
"Feb 27, 2018","6.15","6.50","6.50","6.00","630.94K","-8.35%"
"Feb 26, 2018","6.71","6.81","7.15","6.66","449.81K","-0.45%"
"Feb 23, 2018","6.74","6.77","6.97","6.63","404.44K","-0.44%"
"Feb 22, 2018","6.77","7.25","7.61","6.71","399.65K","-3.56%"
"Feb 21, 2018","7.02","7.67","7.85","7.02","463.46K","-9.30%"
"Feb 20, 2018","7.74","7.17","8.04","6.90","565.42K","13.32%"
"Feb 16, 2018","6.83","6.76","7.34","6.68","191.81K","0.59%"
"Feb 15, 2018","6.79","6.56","7.05","6.41","281.47K","4.46%"
"Feb 14, 2018","6.50","5.80","6.65","5.80","1.76M","-0.61%"
"Feb 13, 2018","6.54","6.39","6.58","6.20","94.80K","2.19%"
"Feb 12, 2018","6.40","6.31","6.66","6.12","154.87K","1.59%"
"Feb 09, 2018","6.30","6.45","6.49","5.90","122.48K","-1.56%"
"Feb 08, 2018","6.40","6.59","6.68","6.36","63.28K","-2.29%"
"Feb 07, 2018","6.55","6.38","7.15","6.25","116.90K","2.18%"
"Feb 06, 2018","6.41","6.25","6.83","6.20","207.87K","-1.08%"
"Feb 05, 2018","6.48","6.97","7.06","6.46","259.54K","-7.69%"
"Feb 02, 2018","7.02","7.28","7.39","6.94","148.20K","-4.23%"
"Feb 01, 2018","7.33","7.33","7.42","7.15","106.26K","-0.41%"
"Jan 31, 2018","7.36","7.74","7.74","7.33","146.12K","-4.29%"
"Jan 30, 2018","7.69","7.73","7.85","7.55","42.58K","-1.91%"
"Jan 29, 2018","7.84","7.55","7.97","7.51","207.17K","3.98%"
"Jan 26, 2018","7.54","7.85","7.85","7.42","174.95K","-3.33%"
"Jan 25, 2018","7.80","7.96","8.04","7.51","150.98K","-2.01%"
"Jan 24, 2018","7.96","8.33","8.33","7.92","266.40K","-3.98%"
"Jan 23, 2018","8.29","7.98","8.37","7.98","178.10K","1.59%"
"Jan 22, 2018","8.16","8.08","8.36","8.06","171.99K","2.00%"
"Jan 19, 2018","8.00","8.14","8.35","7.92","122.57K","-2.20%"
"Jan 18, 2018","8.18","8.26","8.37","7.87","139.34K","0.86%"
"Jan 17, 2018","8.11","8.20","8.39","7.98","113.33K","0.00%"
"Jan 16, 2018","8.11","8.51","8.60","7.99","110.02K","-4.48%"
"Jan 12, 2018","8.49","8.59","8.73","8.45","65.72K","-1.39%"
"Jan 11, 2018","8.61","8.70","8.85","8.49","172.12K","-0.69%"
"Jan 10, 2018","8.67","8.43","8.70","8.22","134.82K","2.12%"
"Jan 09, 2018","8.49","8.49","8.72","8.32","106.18K","0.59%"
"Jan 08, 2018","8.44","8.92","8.97","8.10","215.68K","-5.70%"
"Jan 05, 2018","8.95","9.13","9.30","8.81","89.58K","-1.86%"
"Jan 04, 2018","9.12","9.25","9.40","8.94","127.79K","-0.76%"
"Jan 03, 2018","9.19","8.84","9.47","8.68","215.25K","4.08%"
"Jan 02, 2018","8.83","8.58","8.85","8.41","145.56K","3.88%"
"Dec 29, 2017","8.50","8.45","8.81","8.42","115.61K","0.35%"
"Dec 28, 2017","8.47","8.50","8.66","8.34","85.30K","-0.35%"
"Dec 27, 2017","8.50","8.68","8.73","8.47","163.00K","-2.19%"
"Dec 26, 2017","8.69","8.31","8.80","8.31","182.00K","4.95%"
"Dec 22, 2017","8.28","8.12","8.45","8.00","145.67K","2.35%"
"Dec 21, 2017","8.09","7.88","8.24","7.88","162.63K","2.80%"
"Dec 20, 2017","7.87","8.00","8.10","7.84","126.24K","-2.36%"
"Dec 19, 2017","8.06","8.11","8.21","7.84","246.27K","1.13%"
"Dec 18, 2017","7.97","8.32","8.56","7.89","351.42K","-2.80%"
"Dec 15, 2017","8.20","7.95","8.35","7.88","670.57K","3.14%"
"Dec 14, 2017","7.95","8.12","8.23","7.76","392.01K","-1.36%"
"Dec 13, 2017","8.06","7.84","8.24","7.84","341.18K","0.75%"
"Dec 12, 2017","8.00","7.83","8.06","7.72","351.52K","3.90%"
"Dec 11, 2017","7.70","7.57","7.86","7.43","313.95K","2.53%"
"Dec 08, 2017","7.51","7.79","7.89","7.48","247.46K","-2.09%"
"Dec 07, 2017","7.67","7.47","7.75","7.15","446.99K","2.95%"
"Dec 06, 2017","7.45","8.00","8.14","7.31","498.23K","-6.52%"
"Dec 05, 2017","7.97","9.00","9.19","7.86","1.11M","-10.65%"
"Dec 04, 2017","8.92","13.44","13.44","8.45","2.40M","-37.32%"
"Dec 01, 2017","14.23","14.25","14.66","13.74","105.54K","-0.21%"
"Nov 30, 2017","14.26","13.95","14.71","13.95","123.48K","2.37%"
"Nov 29, 2017","13.93","14.05","14.73","13.80","178.37K","-1.07%"
"Nov 28, 2017","14.08","14.05","14.24","13.77","83.72K","-0.07%"
"Nov 27, 2017","14.09","14.12","14.39","13.86","103.82K","0.00%"
"Nov 24, 2017","14.09","14.41","14.55","14.04","64.95K","-2.83%"
"Nov 22, 2017","14.50","14.13","14.94","14.13","117.98K","2.69%"
"Nov 21, 2017","14.12","14.18","14.63","13.80","105.34K","0.57%"
"Nov 20, 2017","14.04","14.33","14.33","13.85","75.20K","-1.61%"
"Nov 17, 2017","14.27","14.39","14.95","14.24","86.57K","-1.18%"
"Nov 16, 2017","14.44","13.95","14.60","13.80","68.57K","3.51%"
"Nov 15, 2017","13.95","13.94","14.40","13.69","76.06K","-0.43%"
"Nov 14, 2017","14.01","14.11","14.18","13.52","76.65K","-0.71%"
"Nov 13, 2017","14.11","14.09","14.12","13.03","115.55K","-0.14%"
"Nov 10, 2017","14.13","13.85","14.45","13.26","157.74K","11.52%"
"Nov 09, 2017","12.67","13.30","13.37","12.51","126.84K","-6.56%"
"Nov 08, 2017","13.56","12.25","13.57","12.05","242.58K","11.15%"
"Nov 07, 2017","12.20","12.58","12.58","12.06","78.45K","-1.77%"
"Nov 06, 2017","12.42","12.20","12.62","11.20","105.74K","0.89%"
"Nov 03, 2017","12.31","12.50","12.50","12.03","100.71K","-0.73%"
"Nov 02, 2017","12.40","12.35","12.67","12.10","90.12K","-0.08%"
"Nov 01, 2017","12.41","13.31","13.38","12.26","132.26K","-5.56%"
"Oct 31, 2017","13.14","13.67","13.75","13.11","223.81K","-3.03%"
"Oct 30, 2017","13.55","13.25","14.45","13.23","140.08K","2.57%"
"Oct 27, 2017","13.21","13.42","13.65","12.95","165.78K","-1.78%"
"Oct 26, 2017","13.45","13.71","14.16","12.90","184.01K","-2.18%"
"Oct 25, 2017","13.75","13.85","14.16","13.39","197.42K","0.44%"
"Oct 24, 2017","13.69","14.91","15.00","13.52","326.11K","-7.50%"
"Oct 23, 2017","14.80","15.20","15.64","14.75","124.29K","-2.89%"
"Oct 20, 2017","15.24","15.54","15.55","14.70","146.54K","-0.78%"
"Oct 19, 2017","15.36","15.90","15.91","15.20","57.58K","-4.06%"
"Oct 18, 2017","16.01","16.06","16.20","15.60","94.86K","-0.93%"
"Oct 17, 2017","16.16","16.48","17.90","16.10","265.72K","-1.34%"
"Oct 16, 2017","16.38","15.87","16.70","15.87","243.21K","3.54%"
"Oct 13, 2017","15.82","14.75","15.97","14.75","126.78K","8.13%"
"Oct 12, 2017","14.63","14.62","14.74","14.32","74.45K","1.18%"
"Oct 11, 2017","14.46","14.17","14.66","14.17","44.12K","2.92%"
"Oct 10, 2017","14.05","14.20","14.20","13.79","68.70K","-0.07%"
"Oct 09, 2017","14.06","14.50","14.50","14.05","103.14K","-2.63%"
"Oct 06, 2017","14.44","14.10","14.50","14.02","58.61K","2.48%"
"Oct 05, 2017","14.09","14.33","14.40","13.77","164.80K","-1.74%"
"Oct 04, 2017","14.34","14.83","14.96","14.27","73.59K","-2.91%"
"Oct 03, 2017","14.77","15.46","15.46","14.50","90.02K","-3.53%"
"Oct 02, 2017","15.31","14.72","15.48","14.59","120.21K","4.86%"
"Sep 29, 2017","14.60","14.78","14.94","14.30","107.25K","0.00%"
"Sep 28, 2017","14.60","15.07","15.15","14.40","64.43K","-2.08%"
"Sep 27, 2017","14.91","14.79","15.35","14.41","69.86K","1.84%"
"Sep 26, 2017","14.64","14.63","14.86","14.12","145.26K","0.97%"
"Sep 25, 2017","14.50","14.36","14.84","14.01","55.98K","0.00%"
"Sep 22, 2017","14.50","14.80","14.86","14.06","152.34K","-2.88%"
"Sep 21, 2017","14.93","14.65","15.37","14.53","152.58K","-0.73%"
"Sep 20, 2017","15.04","14.98","15.32","14.82","147.46K","0.00%"
"Sep 19, 2017","15.04","15.40","16.00","14.88","170.76K","-2.59%"
"Sep 18, 2017","15.44","15.06","16.81","14.65","339.92K","2.32%"
"Sep 15, 2017","15.09","14.97","15.46","14.32","249.43K","2.10%"
"Sep 14, 2017","14.78","14.06","14.91","13.60","132.83K","5.20%"
"Sep 13, 2017","14.05","13.73","14.40","13.51","90.77K","-0.07%"
"Sep 12, 2017","14.06","14.45","14.45","13.52","108.57K","-2.63%"
"Sep 11, 2017","14.44","15.14","15.14","14.26","109.88K","-4.69%"
"Sep 08, 2017","15.15","14.21","16.01","13.45","312.66K","7.22%"
"Sep 07, 2017","14.13","14.14","14.66","13.77","117.79K","0.50%"
"Sep 06, 2017","14.06","14.34","14.47","13.89","75.68K","-1.19%"
"Sep 05, 2017","14.23","15.00","15.09","14.21","87.99K","-4.82%"
"Sep 01, 2017","14.95","14.87","15.28","14.77","87.46K","-0.40%"
"Aug 31, 2017","15.01","14.79","15.19","14.16","78.45K","2.25%"
"Aug 30, 2017","14.68","15.03","15.21","14.35","76.77K","-2.65%"
"Aug 29, 2017","15.08","15.23","15.43","14.80","110.53K","-0.79%"
"Aug 28, 2017","15.20","15.30","15.65","14.90","120.80K","-0.33%"
"Aug 25, 2017","15.25","15.50","15.50","15.10","48.04K","-1.42%"
"Aug 24, 2017","15.47","15.14","15.49","14.81","71.68K","3.00%"
"Aug 23, 2017","15.02","15.01","15.40","14.82","159.90K","-0.13%"
"Aug 22, 2017","15.04","14.63","15.35","14.33","166.24K","2.66%"
"Aug 21, 2017","14.65","15.00","15.00","14.23","116.71K","-3.04%"
"Aug 18, 2017","15.11","15.08","15.22","14.69","173.26K","-1.05%"
"Aug 17, 2017","15.27","15.06","15.45","14.80","179.70K","0.73%"
"Aug 16, 2017","15.16","14.38","16.45","14.38","219.30K","2.50%"
"Aug 15, 2017","14.79","14.77","15.21","13.83","78.78K","0.75%"
"Aug 14, 2017","14.68","13.64","14.76","13.52","69.34K","6.92%"
"Aug 11, 2017","13.73","13.55","13.93","13.49","79.23K","1.55%"
"Aug 10, 2017","13.52","12.77","13.94","12.16","143.62K","-0.52%"
"Aug 09, 2017","13.59","13.81","14.10","13.00","89.02K","-2.79%"
"Aug 08, 2017","13.98","14.00","14.46","13.82","74.64K","-0.92%"
"Aug 07, 2017","14.11","13.78","14.35","13.75","76.60K","0.86%"
"Aug 04, 2017","13.99","13.88","14.13","13.63","72.54K","2.94%"
"Aug 03, 2017","13.59","13.90","13.99","13.53","39.11K","-2.09%"
"Aug 02, 2017","13.88","14.10","14.50","13.71","50.70K","-1.98%"
"Aug 01, 2017","14.16","14.67","15.37","13.93","90.80K","-3.74%"
"Jul 31, 2017","14.71","15.43","16.10","14.31","94.66K","-4.42%"
"Jul 28, 2017","15.39","14.94","15.56","14.69","134.82K","4.69%"
"Jul 27, 2017","14.70","15.28","15.81","14.49","66.48K","-4.23%"
"Jul 26, 2017","15.35","15.26","15.76","15.02","119.64K","0.59%"
"Jul 25, 2017","15.26","15.70","15.90","15.02","166.22K","-2.30%"
"Jul 24, 2017","15.62","15.14","15.72","15.14","358.04K","3.10%"
"Jul 21, 2017","15.15","15.34","15.35","15.00","105.84K","0.13%"
"Jul 20, 2017","15.13","15.11","15.34","15.01","49.72K","0.07%"
"Jul 19, 2017","15.12","15.12","15.41","14.39","69.34K","0.47%"
"Jul 18, 2017","15.05","15.66","15.66","14.95","67.05K","-3.77%"
"Jul 17, 2017","15.64","15.85","16.07","15.32","63.28K","-1.82%"
"Jul 14, 2017","15.93","16.53","16.63","15.62","122.81K","-3.40%"
"Jul 13, 2017","16.49","17.22","17.22","16.31","136.85K","-4.68%"
"Jul 12, 2017","17.30","17.13","17.49","16.90","54.78K","1.82%"
"Jul 11, 2017","16.99","16.82","17.35","16.61","83.98K","0.12%"
"Jul 10, 2017","16.97","17.19","17.37","16.34","116.60K","-1.62%"
"Jul 07, 2017","17.25","18.58","18.59","16.96","141.34K","-7.01%"
"Jul 06, 2017","18.55","18.68","18.80","18.40","300.19K","-1.01%"
"Jul 05, 2017","18.74","18.87","18.98","18.20","173.76K","-0.85%"
"Jul 03, 2017","18.90","18.58","19.03","17.53","59.12K","0.85%"
"Jun 30, 2017","18.74","19.62","19.85","18.69","193.76K","-5.73%"
"Jun 29, 2017","19.88","19.40","20.15","19.09","210.68K","0.00%"
"Jun 28, 2017","19.88","17.43","19.88","16.96","368.85K","12.38%"
"Jun 27, 2017","17.69","19.00","19.00","15.13","2.09M","-20.24%"
"Jun 26, 2017","22.18","23.09","23.38","21.85","276.72K","-3.61%"
"Jun 23, 2017","23.01","22.85","23.37","21.38","628.16K","0.04%"
"Jun 22, 2017","23.00","22.67","23.59","22.67","191.93K","1.86%"
"Jun 21, 2017","22.58","22.40","23.06","22.07","142.31K","0.94%"
"Jun 20, 2017","22.37","21.60","22.82","21.00","159.25K","2.43%"
"Jun 19, 2017","21.84","21.52","22.18","21.38","96.66K","2.54%"
"Jun 16, 2017","21.30","21.09","21.78","20.76","179.54K","-0.28%"
"Jun 15, 2017","21.36","21.31","21.42","21.02","95.92K","-0.79%"
"Jun 14, 2017","21.53","21.59","21.75","21.17","132.83K","-0.14%"
"Jun 13, 2017","21.56","20.23","21.73","19.93","141.28K","6.36%"
"Jun 12, 2017","20.27","20.15","20.82","20.00","154.63K","-1.12%"
"Jun 09, 2017","20.50","21.55","21.67","20.11","194.68K","-5.09%"
"Jun 08, 2017","21.60","22.02","22.10","21.02","158.10K","-2.39%"
"Jun 07, 2017","22.13","22.82","23.96","21.67","145.07K","-3.02%"
"Jun 06, 2017","22.82","22.86","23.42","22.50","123.68K","-0.65%"
"Jun 05, 2017","22.97","23.30","23.95","22.80","117.21K","-1.63%"
"Jun 02, 2017","23.35","23.90","23.90","23.16","99.26K","-1.68%"
"Jun 01, 2017","23.75","24.09","24.54","23.65","95.68K","-1.12%"
"May 31, 2017","24.02","24.21","24.27","23.50","173.99K","-0.04%"
"May 30, 2017","24.03","24.35","24.35","23.03","153.45K","-1.60%"
"May 26, 2017","24.42","25.00","25.22","24.05","57.21K","-1.13%"
"May 25, 2017","24.70","24.91","24.99","24.47","51.25K","-1.20%"
"May 24, 2017","25.00","24.40","25.12","24.32","141.35K","2.12%"
"May 23, 2017","24.48","24.50","24.64","23.93","183.89K","-0.29%"
"May 22, 2017","24.55","24.45","24.91","24.29","122.61K","-0.28%"
"May 19, 2017","24.62","24.94","25.63","24.49","336.37K","-1.28%"
"May 18, 2017","24.94","25.25","26.28","24.88","94.04K","-1.42%"
"May 17, 2017","25.30","26.01","26.44","24.82","138.63K","-3.21%"
"May 16, 2017","26.14","26.50","26.73","25.45","135.07K","-1.36%"
"May 15, 2017","26.50","23.29","27.84","23.21","266.30K","14.87%"
"May 12, 2017","23.07","21.92","23.62","21.92","122.42K","5.15%"
"May 11, 2017","21.94","21.98","22.38","21.76","55.71K","-1.13%"
"May 10, 2017","22.19","20.69","23.22","20.60","46.40K","-0.27%"
"May 09, 2017","22.25","22.40","22.66","21.64","39.38K","-0.45%"
"May 08, 2017","22.35","22.62","23.20","22.24","86.04K","0.04%"
"May 05, 2017","22.34","22.60","22.62","22.11","70.08K","-1.33%"
"May 04, 2017","22.64","22.89","22.91","22.37","62.99K","-0.88%"
"May 03, 2017","22.84","22.73","23.09","21.81","52.23K","-0.35%"
"May 02, 2017","22.92","23.03","23.24","22.65","66.49K","-0.48%"
"May 01, 2017","23.03","23.46","23.51","22.84","79.75K","-2.42%"
"Apr 28, 2017","23.60","22.04","24.01","22.04","131.69K","5.08%"
"Apr 27, 2017","22.46","23.24","23.30","22.23","100.26K","-3.15%"
"Apr 26, 2017","23.19","23.35","23.51","21.16","90.30K","0.17%"
"Apr 25, 2017","23.15","23.00","24.50","22.96","124.61K","1.18%"
"Apr 24, 2017","22.88","23.11","23.11","22.72","48.17K","1.02%"
"Apr 21, 2017","22.65","23.05","23.11","22.50","47.91K","-1.82%"
"Apr 20, 2017","23.07","23.05","23.30","22.98","36.91K","0.00%"
"Apr 19, 2017","23.07","23.39","23.39","22.69","46.11K","-0.17%"
"Apr 18, 2017","23.11","23.13","23.24","22.54","37.93K","0.09%"
"Apr 17, 2017","23.09","23.00","23.51","22.23","56.12K","1.18%"
"Apr 13, 2017","22.82","22.01","23.37","22.01","66.55K","3.07%"
"Apr 12, 2017","22.14","22.00","22.34","21.74","60.64K","0.64%"
"Apr 11, 2017","22.00","21.91","22.34","21.53","37.94K","0.14%"
"Apr 10, 2017","21.97","21.30","22.11","21.30","55.34K","2.14%"
"Apr 07, 2017","21.51","20.49","21.69","20.32","75.17K","5.13%"
"Apr 06, 2017","20.46","20.67","20.87","20.27","120.65K","-0.73%"
"Apr 05, 2017","20.61","20.60","22.10","20.02","72.61K","1.33%"
"Apr 04, 2017","20.34","20.30","20.87","20.09","54.23K","-1.64%"
"Apr 03, 2017","20.68","21.29","22.07","20.25","66.93K","-2.87%"
"Mar 31, 2017","21.29","21.44","22.04","20.37","155.88K","-1.11%"
"Mar 30, 2017","21.53","21.72","22.10","21.12","106.66K","-2.23%"
"Mar 29, 2017","22.02","22.06","22.25","21.52","56.25K","-0.05%"
"Mar 28, 2017","22.03","21.44","22.19","21.44","76.79K","2.37%"
"Mar 27, 2017","21.52","22.18","22.30","21.46","35.79K","-2.62%"
"Mar 24, 2017","22.10","22.42","22.54","21.76","126.19K","0.00%"
"Mar 23, 2017","22.10","21.90","22.35","21.39","101.65K","0.45%"
"Mar 22, 2017","22.00","21.60","22.27","21.08","72.53K","0.92%"
"Mar 21, 2017","21.80","21.74","22.20","21.27","105.35K","-0.91%"
"Mar 20, 2017","22.00","22.36","22.60","21.20","41.44K","0.18%"
"Mar 17, 2017","21.96","21.82","22.30","21.27","128.64K","-0.36%"
"Mar 16, 2017","22.04","22.57","22.57","21.84","96.16K","-1.69%"
"Mar 15, 2017","22.42","22.19","23.06","21.86","163.42K","2.66%"
"Mar 14, 2017","21.84","22.06","22.41","21.34","73.98K","-1.40%"
"Mar 13, 2017","22.15","20.90","23.11","20.60","168.71K","5.33%"
"Mar 10, 2017","21.03","20.75","21.49","20.46","99.48K","0.67%"
"Mar 09, 2017","20.89","20.79","21.55","20.24","59.18K","0.24%"
"Mar 08, 2017","20.84","20.00","21.47","19.97","63.90K","4.83%"
"Mar 07, 2017","19.88","20.59","20.73","19.49","67.55K","-1.54%"
"Mar 06, 2017","20.19","20.34","20.51","19.68","35.29K","-1.03%"
"Mar 03, 2017","20.40","20.10","20.95","20.07","23.71K","-2.06%"
"Mar 02, 2017","20.83","21.01","21.35","20.60","48.27K","-0.57%"
"Mar 01, 2017","20.95","21.53","21.53","20.18","94.78K","0.05%"
"Feb 28, 2017","20.94","20.96","21.07","20.07","58.48K","0.19%"
"Feb 27, 2017","20.90","21.94","21.94","20.62","145.78K","-0.19%"
"Feb 24, 2017","20.94","20.37","21.10","19.95","43.78K","0.00%"
"Feb 23, 2017","20.94","21.95","21.95","20.59","41.22K","-4.12%"
"Feb 22, 2017","21.84","22.47","22.52","21.56","47.30K","-2.63%"
"Feb 21, 2017","22.43","21.98","22.58","21.56","48.12K","3.08%"
"Feb 17, 2017","21.76","22.00","22.00","21.44","83.66K","-1.09%"
"Feb 16, 2017","22.00","22.85","22.85","21.81","61.07K","-2.44%"
"Feb 15, 2017","22.55","20.78","23.61","20.68","122.44K","7.69%"
"Feb 14, 2017","20.94","21.46","21.46","20.44","136.59K","-3.86%"
"Feb 13, 2017","21.78","22.73","24.12","21.44","84.80K","-1.67%"
"Feb 10, 2017","22.15","19.73","22.48","19.22","91.55K","14.71%"
"Feb 09, 2017","19.31","17.90","19.85","17.87","47.51K","7.40%"
"Feb 08, 2017","17.98","18.18","18.18","17.37","33.41K","-1.05%"
"Feb 07, 2017","18.17","18.40","18.40","17.54","33.36K","-0.38%"
"Feb 06, 2017","18.24","17.98","18.35","17.92","26.95K","0.05%"
"Feb 03, 2017","18.23","16.66","18.44","16.30","48.51K","10.62%"
"Feb 02, 2017","16.48","16.76","16.76","16.01","30.34K","-0.96%"
"Feb 01, 2017","16.64","15.90","17.16","15.82","29.95K","4.39%"
"Jan 31, 2017","15.94","15.78","16.11","15.32","63.40K","1.14%"
"Jan 30, 2017","15.76","16.03","16.03","15.15","29.81K","-1.07%"
"Jan 27, 2017","15.93","15.99","16.11","15.53","7.55K","-1.18%"
"Jan 26, 2017","16.12","15.31","16.21","15.24","32.98K","-0.25%"
"Jan 25, 2017","16.16","16.16","16.65","15.77","96.96K","0.00%"
"Jan 24, 2017","16.16","15.93","16.37","15.19","64.57K","2.34%"
"Jan 23, 2017","15.79","14.71","16.06","14.30","83.75K","6.91%"
"Jan 20, 2017","14.77","14.05","14.94","14.05","36.67K","5.12%"
"Jan 19, 2017","14.05","14.65","14.99","14.02","36.99K","-3.70%"
"Jan 18, 2017","14.59","14.95","14.95","14.50","20.57K","-2.34%"
"Jan 17, 2017","14.94","15.26","15.36","14.54","39.22K","-2.86%"
"Jan 13, 2017","15.38","15.05","15.50","14.88","32.00K","2.53%"
"Jan 12, 2017","15.00","15.25","15.25","14.82","15.25K","-1.96%"
"Jan 11, 2017","15.30","14.98","15.35","13.83","67.94K","2.55%"
"Jan 10, 2017","14.92","14.96","15.17","14.41","77.73K","-0.73%"
"Jan 09, 2017","15.03","15.37","15.37","14.80","60.85K","-1.25%"
"Jan 06, 2017","15.22","15.99","15.99","15.00","91.51K","-3.79%"
"Jan 05, 2017","15.82","15.44","16.00","15.12","42.60K","3.20%"
"Jan 04, 2017","15.33","15.27","15.49","14.90","59.54K","0.92%"
"Jan 03, 2017","15.19","15.30","15.55","14.77","84.84K","0.00%"
"Dec 30, 2016","15.19","15.00","15.26","14.89","45.92K","1.27%"
"Dec 29, 2016","15.00","14.16","15.28","14.16","35.58K","1.21%"
"Dec 28, 2016","14.82","14.98","15.56","14.07","46.89K","-4.33%"
"Dec 27, 2016","15.49","16.06","16.06","14.98","62.29K","-3.49%"
"Dec 23, 2016","16.05","16.00","16.14","15.75","48.30K","-0.56%"
"Dec 22, 2016","16.14","15.30","16.56","14.95","57.42K","5.01%"
"Dec 21, 2016","15.37","14.49","15.39","14.17","51.25K","6.44%"
"Dec 20, 2016","14.44","14.15","14.75","13.85","89.64K","2.41%"
"Dec 19, 2016","14.10","12.92","14.15","12.88","113.22K","7.88%"
"Dec 16, 2016","13.07","12.88","13.59","12.65","821.85K","0.54%"
"Dec 15, 2016","13.00","13.52","13.63","12.63","87.44K","-3.20%"
"Dec 14, 2016","13.43","13.63","13.75","13.26","37.13K","-2.33%"
"Dec 13, 2016","13.75","13.74","13.76","13.16","24.82K","1.03%"
"Dec 12, 2016","13.61","13.00","13.75","12.80","105.58K","3.81%"
"Dec 09, 2016","13.11","13.15","13.58","12.61","115.75K","-0.76%"
"Dec 08, 2016","13.21","13.69","13.69","13.15","52.93K","-3.93%"
"Dec 07, 2016","13.75","13.66","13.85","13.18","64.16K","0.44%"
"Dec 06, 2016","13.69","13.40","13.94","13.00","57.77K","1.33%"
"Dec 05, 2016","13.51","13.08","13.91","12.84","69.99K","4.24%"
"Dec 02, 2016","12.96","12.99","13.13","12.05","85.28K","0.31%"
"Dec 01, 2016","12.92","13.07","13.38","12.76","94.26K","-1.30%"
"Nov 30, 2016","13.09","12.75","13.31","12.75","71.91K","0.69%"
"Nov 29, 2016","13.00","13.00","13.18","12.92","33.94K","0.08%"
"Nov 28, 2016","12.99","13.14","13.18","12.92","95.66K","-1.14%"
"Nov 25, 2016","13.14","13.18","13.18","13.01","17.66K","1.08%"
"Nov 23, 2016","13.00","13.18","13.18","12.99","98.31K","0.00%"
"Nov 22, 2016","13.00","13.11","13.40","13.00","57.65K","-0.69%"
"Nov 21, 2016","13.09","13.40","13.85","13.00","121.86K","-1.50%"
"Nov 18, 2016","13.29","13.38","13.65","12.81","141.97K","-0.89%"
"Nov 17, 2016","13.41","13.66","13.79","13.37","18.66K","-1.03%"
"Nov 16, 2016","13.55","13.79","13.95","13.10","36.74K","-2.45%"
"Nov 15, 2016","13.89","13.43","13.99","13.43","17.60K","-0.79%"
"Nov 14, 2016","14.00","13.26","14.00","13.26","48.84K","5.18%"
"Nov 11, 2016","13.31","13.04","13.59","12.48","353.90K","-0.15%"
"Nov 10, 2016","13.33","13.79","13.79","13.14","34.61K","0.30%"
"Nov 09, 2016","13.29","13.00","13.50","13.00","18.81K","1.84%"
"Nov 08, 2016","13.05","13.30","13.30","12.75","377.59K","-1.66%"
"Nov 07, 2016","13.27","12.75","13.52","12.75","57.76K","4.08%"
"Nov 04, 2016","12.75","12.79","12.89","12.75","56.38K","0.08%"
"Nov 03, 2016","12.74","12.91","12.91","12.74","50.13K","-0.31%"
"Nov 02, 2016","12.78","12.84","12.99","12.75","56.40K","-1.69%"
"Nov 01, 2016","13.00","13.52","13.52","12.33","211.04K","1.17%"
"Oct 31, 2016","12.85","12.90","12.98","12.76","30.81K","-0.31%"
"Oct 28, 2016","12.89","13.00","13.09","12.51","148.18K","-0.85%"
"Oct 27, 2016","13.00","13.00","13.19","12.50","742.12K","0.00%"